01	Buttercup Dental	https://www.buttercupdental.com/metal-free-crowns
02	New Hope Dentist	https://www.newhopedentist.com/crowns-and-bridges/
03	Bowcutt Dental	https://www.bowcuttdental.com/services/cosmetic-dentistry-cedar-park/porcelain-crowns/
04	Family Dental of Cedar Park	https://familydentalofcedarpark.com/our-services/crowns
05	Cedar Park Premier Dentistry	https://www.cedarparkdental.com/services/general-dentistry/dental-crown/
06	My Cedar Park Dentist	https://www.mycedarparkdentist.com/dental-services/restorative-dentistry/dental-crown/
07	Mosaic Dentistry	https://www.mosaicdentistrytx.com/services/restorative-dentistry/dental-crowns
08	Smile In Style	https://www.smileinstyle.com/dental-crowns/
09	Parmer Oaks Dental	https://parmeroaksdental.com/cedar-park-tx/dental-crowns/
10	Park Family Dental	https://parkfamilydentist.com/general-dentistry/dental-crowns-bridges-in-cedar-park-tx/
11	My Dental Salon	https://mydentalsalon.com/crowns/
12	Cedar Park Cosmetic & Family Dental (CPC Dentist)	https://www.cpcdentist.com/dental-crowns-and-bridges-cedar-park-tx
13	Prime Dental of Cedar Park	https://primedentalofcp.com/service/dental-crowns-cedar-park-tx/
14	Swish Smiles - Cedar Park	https://www.swishsmiles.com/services/dental-crowns
16	Aviva Dental Care	https://www.avivadentalcare.com/services/dental-crowns/
17	Bell Blvd Family Dental	https://www.bellblvdfamilydental.com/crown-dentist
18	Cedar Park Modern Dentistry & Orthodontics	https://www.cedarparkmoderndentistry.com/dental-services/dental-crowns/
19	512 Dentist	https://www.512dentist.com/procedures/cosmetic-dentistry/porcelain-crowns-caps/
20	Morgan Dental	https://www.morgandental.net/services/dental-crowns/
25	Heritage Dental Smiles	https://www.heritagedentalsmiles.com/services/dental-crowns/
