01	Buttercup Dental	https://www.buttercupdental.com/tooth-colored-fillings
02	New Hope Dentist	https://www.newhopedentist.com/fillings/
03	Bowcutt Dental	https://www.bowcuttdental.com/services/cosmetic-dentistry-cedar-park/composite-fillings/
04	Family Dental of Cedar Park	https://familydentalofcedarpark.com/our-services/fillings
05	Cedar Park Premier Dentistry	https://www.cedarparkdental.com/services/cosmetic-dentistry/white-fillings/
07	Mosaic Dentistry	https://www.mosaicdentistrytx.com/services/general-dentistry/tooth-colored-fillings
09	Parmer Oaks Dental	https://parmeroaksdental.com/cedar-park-tx/composite-fillings/
10	Park Family Dental	https://parkfamilydentist.com/general-dentistry/dental-fillings-in-cedar-park-tx/
11	My Dental Salon	https://mydentalsalon.com/dental-filling-cedar-park/
12	Cedar Park Cosmetic & Family Dental (CPC Dentist)	https://www.cpcdentist.com/dental-fillings-cedar-park-tx
13	Prime Dental of Cedar Park	https://primedentalofcp.com/service/dental-fillings-cedar-park-tx/
16	Aviva Dental Care	https://www.avivadentalcare.com/services/fillings
18	Cedar Park Modern Dentistry & Orthodontics	https://www.cedarparkmoderndentistry.com/dental-services/dental-fillings/
19	512 Dentist	https://www.512dentist.com/procedures/cosmetic-dentistry/composite-fillings/
23	Whitestone Family Dentistry	https://whitestonefamilydentistry.com/services/dental-fillings/
25	Heritage Dental Smiles	https://www.heritagedentalsmiles.com/services/dental-fillings
