02	New Hope Dentist	https://www.newhopedentist.com/dental-checkup/
03	Bowcutt Dental	https://www.bowcuttdental.com/services/cleaning-and-prevention-cedar-park/
04	Family Dental of Cedar Park	https://familydentalofcedarpark.com/our-services/dental-cleanings-checkups
05	Cedar Park Premier Dentistry	https://www.cedarparkdental.com/services/general-dentistry/dental-hygiene/
07	Mosaic Dentistry	https://www.mosaicdentistrytx.com/services/general-dentistry/preventative-care
09	Parmer Oaks Dental	https://parmeroaksdental.com/cedar-park-tx/dental-cleaning-and-examinations/
10	Park Family Dental	https://parkfamilydentist.com/general-dentistry/dental-cleaning-x-rays-in-cedar-park-tx/
11	My Dental Salon	https://mydentalsalon.com/dental-exams/
12	Cedar Park Cosmetic & Family Dental (CPC Dentist)	https://www.cpcdentist.com/dental-cleaning-and-checkup-cedar-park-tx
13	Prime Dental of Cedar Park	https://primedentalofcp.com/service/dental-exams-cleanings-cedar-park-tx/
14	Swish Smiles - Cedar Park	https://www.swishsmiles.com/services/preventative-dentistry
18	Cedar Park Modern Dentistry & Orthodontics	https://www.cedarparkmoderndentistry.com/dental-services/teeth-cleaning/
19	512 Dentist	https://www.512dentist.com/procedures/cleanings-prevention/dental-exams-cleanings/
24	Cedar Park Dental & Braces	https://www.cedarparkdentalandbraces.com/dental-checkups
25	Heritage Dental Smiles	https://www.heritagedentalsmiles.com/services/dental-exam
