01	Buttercup Dental	https://www.buttercupdental.com/	https://www.buttercupdental.com/sitemap.xml
02	New Hope Dentist	https://www.newhopedentist.com/	https://www.newhopedentist.com/sitemap_index.xml
03	Bowcutt Dental	https://www.bowcuttdental.com/	https://www.bowcuttdental.com/sitemap_index.xml
04	Family Dental of Cedar Park	https://familydentalofcedarpark.com/	https://familydentalofcedarpark.com/sitemap.xml
05	Cedar Park Premier Dentistry	https://www.cedarparkdental.com/	https://www.cedarparkdental.com/sitemap_index.xml
06	My Cedar Park Dentist	https://www.mycedarparkdentist.com/	https://www.mycedarparkdentist.com/sitemap_index.xml
07	Mosaic Dentistry	https://www.mosaicdentistrytx.com/	https://www.mosaicdentistrytx.com/sitemap.xml
08	Smile In Style	https://www.smileinstyle.com/	https://www.smileinstyle.com/sitemap_index.xml
09	Parmer Oaks Dental	https://parmeroaksdental.com/	https://parmeroaksdental.com/sitemap_index.xml
10	Park Family Dental	https://parkfamilydentist.com/	https://parkfamilydentist.com/sitemap_index.xml
11	My Dental Salon	https://mydentalsalon.com/	https://mydentalsalon.com/sitemap_index.xml
12	Cedar Park Cosmetic & Family Dental (CPC Dentist)	https://www.cpcdentist.com/	https://www.cpcdentist.com/sitemap.xml
13	Prime Dental of Cedar Park	https://primedentalofcp.com/	https://primedentalofcp.com/sitemap.xml
14	Swish Smiles - Cedar Park	https://www.swishsmiles.com/location/cedar-park	https://www.swishsmiles.com/sitemap.xml
15	Advanced Family Dentist	https://advancedfamilydentist.com/	https://advancedfamilydentist.com/sitemap_index.xml
16	Aviva Dental Care	https://www.avivadentalcare.com/	https://www.avivadentalcare.com/sitemap.xml
17	Bell Blvd Family Dental	https://www.bellblvdfamilydental.com/	https://www.bellblvdfamilydental.com/sitemap.xml
18	Cedar Park Modern Dentistry & Orthodontics	https://www.cedarparkmoderndentistry.com/	https://www.cedarparkmoderndentistry.com/sitemap.xml
19	512 Dentist	https://www.512dentist.com/	https://www.512dentist.com/sitemap.xml
20	Morgan Dental	https://www.morgandental.net/	https://www.morgandental.net/sitemap_index.xml
21	Perch Dentistry	https://www.perchdentistry.com/	https://www.perchdentistry.com/sitemap.xml
22	Cypress Creek Family Dentistry	https://cypresscreekfamilydentistry.com/	
23	Whitestone Family Dentistry	https://whitestonefamilydentistry.com/	https://whitestonefamilydentistry.com/sitemap_index.xml
24	Cedar Park Dental & Braces	https://www.cedarparkdentalandbraces.com/	https://www.cedarparkdentalandbraces.com/sitemap.xml
25	25	Heritage Dental Smiles	https://www.heritagedentalsmiles.com/	docs/websites/pages/sitemap/25_heritage_dental_smiles_sitemap.xml
