03	Bowcutt Dental	https://www.bowcuttdental.com/services/orthodontics-cedar-park/invisalign/
04	Family Dental of Cedar Park	https://familydentalofcedarpark.com/our-services/invisalign-treatment
05	Cedar Park Premier Dentistry	https://www.cedarparkdental.com/services/cosmetic-dentistry/clear-braces/invisalign/
07	Mosaic Dentistry	https://www.mosaicdentistrytx.com/services/cosmetic-dentistry/invisalign
10	Park Family Dental	https://parkfamilydentist.com/cosmetic-dentistry/invisalign-clear-aligners-in-cedar-park-tx/
11	My Dental Salon	https://mydentalsalon.com/invisalign/
12	Cedar Park Cosmetic & Family Dental (CPC Dentist)	https://www.cpcdentist.com/invisalign
13	Prime Dental of Cedar Park	https://primedentalofcp.com/service/invisalign-cedar-park-tx/
14	Swish Smiles - Cedar Park	https://www.swishsmiles.com/services/swish-services-invisalign
18	Cedar Park Modern Dentistry & Orthodontics	https://www.cedarparkmoderndentistry.com/dental-services/clear-aligners/
23	Whitestone Family Dentistry	https://whitestonefamilydentistry.com/services/invisalign/
24	Cedar Park Dental & Braces	https://www.cedarparkdentalandbraces.com/invisalign
25	Heritage Dental Smiles	https://www.heritagedentalsmiles.com/services/invisalign
