02	New Hope Dentist	https://www.newhopedentist.com/teeth-whitening/
04	Family Dental of Cedar Park	https://familydentalofcedarpark.com/our-services/teeth-whitening
05	Cedar Park Premier Dentistry	https://www.cedarparkdental.com/services/cosmetic-dentistry/professional-teeth-whitening/
07	Mosaic Dentistry	https://www.mosaicdentistrytx.com/services/cosmetic-dentistry/zoom-teeth-whitening
09	Parmer Oaks Dental	https://parmeroaksdental.com/cedar-park-tx/teeth-whitening/
11	My Dental Salon	https://mydentalsalon.com/teeth-whitening/
12	Cedar Park Cosmetic & Family Dental (CPC Dentist)	https://www.cpcdentist.com/teeth-whitening/
13	Prime Dental of Cedar Park	https://primedentalofcp.com/service/teeth-whitening-cedar-park-tx/
14	Swish Smiles - Cedar Park	https://www.swishsmiles.com/services/teeth-whitening
15	Advanced Family Dentist	https://advancedfamilydentist.com/teeth-whitening/
18	Cedar Park Modern Dentistry & Orthodontics	https://www.cedarparkmoderndentistry.com/dental-services/teeth-whitening/
19	512 Dentist	https://www.512dentist.com/procedures/cosmetic-dentistry/tooth-whitening/
23	Whitestone Family Dentistry	https://whitestonefamilydentistry.com/services/teeth-whitening/
