01	Buttercup Dental	https://www.buttercupdental.com/dental-implants
02	New Hope Dentist	https://www.newhopedentist.com/dental-implants/
03	Bowcutt Dental	https://www.bowcuttdental.com/dental-implants/
05	Cedar Park Premier Dentistry	https://www.cedarparkdental.com/dental-implants/
06	My Cedar Park Dentist	https://www.mycedarparkdentist.com/dental-implants/
07	Mosaic Dentistry	https://www.mosaicdentistrytx.com/services/restorative-dentistry/dental-implants
13	Prime Dental of Cedar Park	https://primedentalofcp.com/service/dental-implants-cedar-park-tx/
14	Swish Smiles - Cedar Park	https://www.swishsmiles.com/services/dental-implants
17	Bell Blvd Family Dental	https://www.bellblvdfamilydental.com/implant-dentistry
18	Cedar Park Modern Dentistry & Orthodontics	https://www.cedarparkmoderndentistry.com/dental-services/dental-implants/
19	512 Dentist	https://www.512dentist.com/dental-implants/
24	Cedar Park Dental & Braces	https://www.cedarparkdentalandbraces.com/implants
25	Heritage Dental Smiles	https://www.heritagedentalsmiles.com/services/dental-implants
