01	Buttercup Dental	https://www.buttercupdental.com/veneers
02	New Hope Dentist	https://www.newhopedentist.com/veneers
03	Bowcutt Dental	https://www.bowcuttdental.com/porcelain-veneers
04	Family Dental of Cedar Park	https://familydentalofcedarpark.com/cosmetic-dentistry/veneers
05	Cedar Park Premier Dentistry	https://www.cedarparkdental.com/veneers
07	Mosaic Dentistry	https://www.mosaicdentistrytx.com/cosmetic-dentistry/veneers
09	Parmer Oaks Dental	https://parmeroaksdental.com/cedar-park-tx/dental-veneers-and-dental-laminates/
10	Park Family Dental	https://parkfamilydentist.com/dental-veneers
11	My Dental Salon	https://mydentalsalon.com/dental-veneers
12	Cedar Park Cosmetic & Family Dental (CPC Dentist)	https://www.cpcdentist.com/veneers
13	Prime Dental of Cedar Park	https://primedentalofcp.com/service/dental-veneers-cedar-park-tx/
14	Swish Smiles - Cedar Park	https://www.swishsmiles.com/veneers
16	Aviva Dental Care	https://www.avivadentalcare.com/services/veneers
